id,first_name,last_name,created,is_active
1,Michael,P.,2017-01-30 06:00:00,false
2,Shawn,M.,2017-01-30 10:00:00,false
3,Kathleen,P.,2017-01-30 01:00:00,false
4,Jimmy,C.,2017-03-30 02:00:00,true
5,Katherine,R.,2017-02-10 03:00:00,true
6,Sarah,R.,2017-01-30 11:00:00,true
7,Martin,M.,2017-01-30 11:00:00,true
8,Frank,R.,2017-01-30 11:00:00,true
9,Jennifer,F.,2017-01-30 11:00:00,true
10,Henry,W.,2017-01-30 11:00:00,true
11,Fred,S.,2017-01-30 11:00:00,true
12,Amy,D.,2017-01-30 11:00:00,true
13,Kathleen,M.,2017-01-30 11:00:00,true
14,Steve,F.,2017-01-30 11:00:00,true
15,Teresa,H.,2017-01-30 11:00:00,true
16,Amanda,H.,2017-01-30 11:00:00,true
17,Kimberly,R.,2017-01-30 11:00:00,true
18,Johnny,K.,2017-01-30 11:00:00,true
19,Virginia,F.,2017-01-30 11:00:00,true
20,Anna,A.,2017-01-30 11:00:00,true
21,Willie,H.,2017-01-30 11:00:00,true
22,Sean,H.,2017-01-30 11:00:00,true
23,Mildred,A.,2017-01-30 11:00:00,true
24,David,G.,2017-01-30 11:00:00,true
25,Victor,H.,2017-01-30 11:00:00,true
26,Aaron,R.,2017-01-30 11:00:00,true
27,Benjamin,B.,2017-01-30 11:00:00,true
28,Lisa,W.,2017-01-30 11:00:00,true
29,Benjamin,K.,2017-01-30 11:00:00,true
30,Christina,W.,2017-01-30 11:00:00,true
31,Jane,G.,2017-01-30 11:00:00,true
32,Thomas,O.,2017-01-30 11:00:00,true
33,Katherine,M.,2017-01-30 11:00:00,true
34,Jennifer,S.,2017-01-30 11:00:00,true
35,Sara,T.,2017-01-30 11:00:00,true
36,Harold,O.,2017-01-30 11:00:00,true
37,Shirley,J.,2017-01-30 11:00:00,true
38,Dennis,J.,2017-01-30 11:00:00,true
39,Louise,W.,2017-01-30 11:00:00,true
40,Maria,A.,2017-01-30 11:00:00,true
41,Gloria,C.,2017-01-30 11:00:00,true
42,Diana,S.,2017-01-30 11:00:00,true
43,Kelly,N.,2017-01-30 11:00:00,true
44,Jane,R.,2017-01-30 11:00:00,true
45,Scott,B.,2017-01-30 11:00:00,true
46,Norma,C.,2017-01-30 11:00:00,true
47,Marie,P.,2017-01-30 11:00:00,true
48,Lillian,C.,2017-01-30 11:00:00,true
49,Judy,N.,2017-01-30 11:00:00,true
50,Billy,L.,2017-01-30 11:00:00,true
51,Howard,R.,2017-01-30 11:00:00,true
52,Laura,F.,2017-01-30 11:00:00,true
53,Anne,B.,2017-01-30 11:00:00,true
54,Rose,M.,2017-01-30 11:00:00,true
55,Nicholas,R.,2017-01-30 11:00:00,true
56,Joshua,K.,2017-01-30 11:00:00,true
57,Paul,W.,2017-01-30 11:00:00,true
58,Kathryn,K.,2017-01-30 11:00:00,true
59,Adam,A.,2017-01-30 11:00:00,true
60,Norma,W.,2017-01-30 11:00:00,true
61,Timothy,R.,2017-01-30 11:00:00,true
62,Elizabeth,P.,2017-01-30 11:00:00,true
63,Edward,G.,2017-01-30 11:00:00,true
64,David,C.,2017-01-30 11:00:00,true
65,Brenda,W.,2017-01-30 11:00:00,true
66,Adam,W.,2017-02-11 03:00:00,true
67,Michael,H.,2017-01-30 11:00:00,true
68,Jesse,E.,2017-01-30 10:00:00,true
69,Janet,P.,2017-01-30 11:00:00,true
70,Helen,F.,2017-02-10 03:00:00,true
71,Gerald,C.,2017-01-30 11:00:00,true
72,Kathryn,O.,2017-01-28 11:00:00,true
73,Alan,B.,2017-01-30 11:00:00,true
74,Harry,A.,2017-01-30 10:00:00,true
75,Andrea,H.,2017-01-24 11:00:00,true
76,Barbara,W.,2017-01-30 11:00:00,true
77,Anne,W.,2017-01-30 11:00:00,true
78,Harry,H.,2017-01-30 11:00:00,true
79,Jack,R.,2017-01-30 06:00:00,true
80,Phillip,H.,2017-01-15 11:00:00,true
81,Shirley,H.,2017-02-10 03:00:00,true
82,Arthur,D.,2017-01-30 11:00:00,true
83,Virginia,R.,2017-01-30 11:00:00,true
84,Christina,R.,2017-01-30 11:00:00,true
85,Theresa,M.,2017-01-30 11:00:00,true
86,Jason,C.,2017-01-30 11:00:00,true
87,Phillip,B.,2017-01-30 01:00:00,true
88,Adam,T.,2017-01-30 11:00:00,true
89,Margaret,J.,2017-01-30 11:00:00,true
90,Paul,P.,2017-01-30 11:00:00,true
91,Todd,W.,2017-02-10 03:00:00,true
92,Willie,O.,2017-01-30 11:00:00,true
93,Frances,R.,2017-01-18 11:00:00,true
94,Gregory,H.,2017-01-30 03:00:00,true
95,Lisa,P.,2017-01-30 11:00:00,true
96,Jacqueline,A.,2017-01-30 11:00:00,true
97,Shirley,D.,2017-01-30 11:00:00,true
98,Nicole,M.,2017-01-30 11:00:00,true
99,Mary,G.,2017-01-19 11:00:00,true
100,Jean,M.,2017-01-30 07:00:00,true
